{
    "dataset_name": "ml-100k",
    "gini_index": 0.5504960189835587,
    "head_ratio_20": 0.5836105342473306,
    "sparsity": 0.9424507987274512,
    "num_users": 938,
    "num_items": 1008,
    "num_interactions": 54413,
    "avg_popularity": 53.98115079365079,
    "max_popularity": 501
}