{
    "hop_1_pure": 0.8806779536886239,
    "hop_1_acc": 0.8806779536863352,
    "hop_2_pure": 0.2957917534846765,
    "hop_2_acc": 0.7785212734656907,
    "hop_3_pure": 0.14697802757661738,
    "hop_3_acc": 0.7052190782312788,
    "hop_4_pure": 0.09456376997919946,
    "hop_4_acc": 0.6509636013981013,
    "hop_5_pure": 0.07450476130758828,
    "hop_5_acc": 0.6098691623586849,
    "hop_6_pure": 0.06518685229391387,
    "hop_6_acc": 0.5781180151359806,
    "hop_7_pure": 0.06034579035748919,
    "hop_7_acc": 0.5531978544942647,
    "hop_8_pure": 0.05762333378323098,
    "hop_8_acc": 0.5333880566735311,
    "hop_9_pure": 0.05600059825762254,
    "hop_9_acc": 0.5174736028856233,
    "hop_10_pure": 0.054990235652511404,
    "hop_10_acc": 0.504575391931563
}